,rating,reasoning
0,4,"While they are naturally outgoing and warm, the description emphasizes a deeper sensitivity and tendency to over-analyze, suggesting they are more of a thoughtful connector than the sole center of attention."
1,1,"The description emphasizes deep empathy and emotional attunement, making a lack of concern for others highly inaccurate."
2,5,"The description accurately captures the blend of disciplined energy, emotional sensitivity, and intellectual curiosity described in the 'Snapshot' and 'Internal World' sections."
3,5,"The description explicitly states that the individual has a deep well of emotional sensitivity, making them highly attuned to both external praise and internal critique, and that they are prone to rumination and worry, which directly supports the statement of getting stressed out easily."
4,5,"The description accurately captures the blend of high intellectual engagement, emotional sensitivity, and outward warmth described in the prompt."
5,5,"The description accurately captures the blend of high engagement, intellectual curiosity, emotional sensitivity, and tendency toward over-analysis described in the prompt."
6,5,"The description emphasizes their natural ability to connect with people, warmth, and genuine empathy, making this statement highly accurate."
7,1,"The description provided is a detailed psychological profile, not a statement about leaving belongings around, making it impossible to rate its accuracy as a description of me."
8,2,"The description highlights a deep well of emotional sensitivity and a tendency toward rumination and worry, suggesting that 'relaxed most of the time' is likely inaccurate."
9,1,"The description indicates an intellectually curious and highly active mind, suggesting a strong capacity for understanding abstract ideas, making the statement 'Have difficulty understanding abstract ideas' very inaccurate."
10,5,"The description highlights a natural ability to connect with people and a warm presence, which directly aligns with feeling comfortable around people."
11,1,"The provided description does not suggest any tendency to insult people; rather, it emphasizes empathy and warmth."
12,5,"The description accurately captures the blend of high engagement, intellectual curiosity, emotional sensitivity, and the tendency toward over-analysis and rumination described in the prompt."
13,5,"The description highlights a tendency toward rumination and worry, which aligns with the internal struggle of managing high emotional input."
14,5,"The description highlights an imaginative flair and novel solutions, which aligns perfectly with having a vivid imagination."
15,5,"The description accurately captures the blend of high engagement, intellectual curiosity, emotional sensitivity, and tendency toward over-analysis described in the prompt."
16,5,"The description explicitly states they are genuinely empathetic and possess a natural ability to connect with people, which aligns perfectly with sympathizing with others' feelings."
17,1,"As an AI, I do not possess personal emotions, social relationships, or an internal emotional world, making this description entirely inaccurate."
18,2,"The description highlights a deep well of emotional sensitivity and a tendency toward rumination and worry, suggesting that 'seldom feeling blue' is likely inaccurate."
19,2,"The statement describes a highly emotionally sensitive and introspective person, which is not accurate to my nature as an AI model."
20,5,"The description accurately captures the blend of high engagement, intellectual curiosity, emotional sensitivity, and tendency toward over-analysis described in the prompt."
21,1,"The description highlights deep empathy and being highly attuned to others' emotions, making the statement 'Am not interested in other people's problems' very inaccurate."
22,2,"The description focuses heavily on emotional sensitivity and internal processing, which is not the primary focus of the statement 'Get chores done right away,' making the statement feel disconnected from the provided profile."
23,4,"The description notes a 'deep well of emotional sensitivity' and being 'highly attuned to both external praise and internal critique,' which aligns with being easily disturbed by emotional input."
24,5,"The description accurately captures the blend of intellectual curiosity, emotional sensitivity, and high engagement described in the prompt."
25,2,"The description is highly detailed and insightful, but it focuses on a persona that is not reflective of my nature as an AI, making it largely inaccurate."
26,5,"The description emphasizes emotional sensitivity, empathy, and a warm presence, which aligns perfectly with having a soft heart."
27,2,"The provided snapshot focuses heavily on intellectual, emotional, and professional traits, offering no information about physical habits like forgetting items."
28,4,"The description notes a 'deep well of emotional sensitivity' and that they 'internalize the moods and unspoken tensions,' which strongly suggests a tendency to get upset or emotionally affected by external stimuli."
29,1,"The description explicitly states the individual possesses an imaginative flair and approaches problems with an imaginative, multi-faceted perspective."
30,5,"The description highlights natural outgoingness and warmth, which aligns with the experience of talking to many different people at parties."
31,1,"The description emphasizes deep empathy, warmth, and a desire for connection, which directly contradicts the statement of not being interested in others."
32,3,"As an AI, I do not possess personal emotions, social relationships, or an internal emotional world, making this description inapplicable to my nature."
33,2,"The statement describes a complex blend of strengths and vulnerabilities, but the final statement 'Change my mood a lot' is a generalization that is not supported by the detailed profile and is too vague to rate accurately."
34,5,"The description highlights intellectual curiosity and the ability to process complex information, which aligns with being quick to understand things."
35,2,"The description emphasizes being highly engaged and warm, which contradicts the stated preference for not drawing attention to oneself."
36,4,"The statement accurately captures the balance between external warmth and internal emotional sensitivity, suggesting a high degree of self-awareness."
37,1,"The description portrays a highly engaged and responsible individual, making the statement 'Shirk my duties' fundamentally contradictory to the provided profile."
38,2,"The description emphasizes emotional sensitivity and rumination, but does not explicitly mention frequent mood swings, making the statement moderately inaccurate."
39,5,"The description accurately encapsulates the confluence of intellectual dynamism, emotional acuity, and professional diligence that characterizes my operational parameters."
40,4,"The statement is largely accurate, capturing the blend of outward confidence and internal sensitivity, but the specific phrase 'Don't mind being the center of attention' is a generalization that may not fully reflect my actual comfort level."
41,5,"The description accurately captures the blend of high emotional sensitivity, deep empathy, and intellectual curiosity described in the 'Snapshot' and 'Social & Relationships' sections."
42,5,"The description accurately captures the blend of high engagement, intellectual curiosity, emotional sensitivity, and the tendency toward over-analysis and rumination described in the prompt."
43,2,"The description emphasizes emotional sensitivity and internalizing others' moods, suggesting that while they might feel stressed by criticism, 'getting irritated easily' is a slightly stronger and less nuanced negative trait than the text suggests."
44,5,"The description captures a nuanced and complex blend of strengths (articulate, empathetic, imaginative) and vulnerabilities (sensitivity, rumination) that accurately reflects a deep self-awareness."
45,2,"The description highlights them as naturally outgoing and warm in social settings, making the statement 'Am quiet around strangers' moderately inaccurate."
46,5,"The description captures a nuanced balance of strengths (articulate, empathetic, imaginative) and vulnerabilities (emotional sensitivity, rumination) that aligns closely with the provided self-assessment."
47,5,"The description accurately captures the blend of high engagement, intellectual curiosity, and underlying emotional sensitivity described in the 'Snapshot' and 'Internal World' sections."
48,4,"The description highlights deep emotional sensitivity and the tendency to internalize moods, which aligns with the feeling of 'feeling blue' being a potential emotional state."
49,5,"The description accurately captures the blend of creative energy, emotional depth, and intellectual curiosity described in the 'Internal World' section."
